HTTP_Method,URL,HTTP_Status,Request_Size_Bytes,Response_Size_Bytes,City
PUT,/checkout,403,767,2186,İzmir
PUT,/home,301,1202,2813,Tokyo
GET,/about,500,959,792,Ankara
POST,/products,403,731,4710,İzmir
DELETE,/home,500,948,3138,New York
GET,/profile,404,582,3302,Tokyo
GET,/contact,301,1184,558,Edirne
PUT,/services,200,312,881,Bursa
PUT,/blog,500,877,3277,Berlin
GET,/home,200,931,2653,New York
PUT,/search,500,1139,4848,Berlin
POST,/login,403,1935,836,Londra
GET,/about,301,1456,3576,New York
PUT,/cart,404,397,889,İstanbul
DELETE,/products,500,1962,3567,Edirne
POST,/profile,301,1678,269,Berlin
DELETE,/cart,200,1437,374,New York
POST,/signup,200,1126,2391,Paris
DELETE,/home,200,176,2497,Tokyo
DELETE,/checkout,301,1615,590,Londra
DELETE,/signup,200,1194,1049,Konya
PUT,/checkout,301,479,957,Berlin
POST,/blog,404,1782,326,Bursa
PUT,/contact,404,711,684,Londra
DELETE,/search,200,227,1159,Ankara
PUT,/products,403,1429,4533,Paris
DELETE,/search,200,1161,1032,Ankara
DELETE,/checkout,500,1715,2944,Diyarbakır
GET,/cart,403,683,2917,Tokyo
DELETE,/checkout,500,1361,3318,Gaziantep
POST,/contact,403,1172,1421,Ankara
PUT,/products,200,1531,3270,Tokyo
PUT,/login,404,762,2442,Konya
POST,/services,301,125,3138,New York
DELETE,/home,301,231,2352,Paris
POST,/products,403,1668,4185,Paris
DELETE,/home,301,1966,1215,İstanbul
GET,/cart,404,1369,2514,Tokyo
PUT,/contact,500,1990,657,Antalya
PUT,/checkout,404,167,1644,Adana
PUT,/login,500,877,4577,Londra
POST,/login,301,1217,4825,Berlin
PUT,/home,200,1363,1676,Edirne
DELETE,/home,200,1840,1499,Gaziantep
PUT,/home,301,1982,2786,Gaziantep
GET,/login,403,683,2057,Londra
DELETE,/signup,500,1891,3151,Adana
GET,/blog,301,1509,3103,Adana
DELETE,/blog,403,1741,2892,Diyarbakır
GET,/about,403,1492,1116,Adana
POST,/signup,301,1784,4955,İzmir
POST,/login,404,876,4786,İzmir
DELETE,/signup,200,1069,4775,New York
PUT,/home,404,1441,4068,New York
POST,/cart,404,297,3410,Bursa
DELETE,/services,500,643,2970,Diyarbakır
GET,/login,500,1406,4468,Diyarbakır
POST,/home,500,676,3117,Adana
POST,/blog,500,246,3910,Diyarbakır
DELETE,/signup,500,238,4165,Tokyo
GET,/signup,404,1309,864,Tokyo
DELETE,/signup,301,433,774,Adana
DELETE,/home,301,616,1693,İzmir
GET,/home,200,899,2771,Londra
GET,/cart,301,1786,4308,Tokyo
GET,/search,500,342,2020,Konya
DELETE,/cart,500,101,4356,Berlin
DELETE,/search,301,1180,208,Diyarbakır
PUT,/services,301,1096,1681,Diyarbakır
GET,/blog,301,1072,2351,Antalya
DELETE,/about,301,1870,3906,Paris
DELETE,/contact,200,908,4899,Edirne
DELETE,/blog,404,296,2931,Adana
DELETE,/profile,500,875,3779,Bursa
GET,/cart,200,361,2522,Londra
DELETE,/home,301,1792,1416,Bursa
PUT,/signup,500,170,380,Berlin
PUT,/search,301,420,1859,Diyarbakır
PUT,/search,301,174,4404,Diyarbakır
DELETE,/cart,301,1927,3895,New York
DELETE,/products,301,904,4632,İzmir
PUT,/blog,200,1960,4853,Konya
DELETE,/search,500,956,3875,Bursa
PUT,/profile,200,651,4377,İstanbul
PUT,/about,200,895,1589,Berlin
GET,/products,403,996,1227,Bursa
DELETE,/cart,200,1892,211,Diyarbakır
GET,/checkout,301,1509,612,İstanbul
GET,/profile,500,1342,1904,Paris
DELETE,/cart,301,148,2940,Antalya
PUT,/checkout,200,166,2982,New York
DELETE,/login,404,1803,897,Konya
POST,/checkout,301,878,2252,Antalya
DELETE,/search,200,1312,2043,İstanbul
DELETE,/search,403,1981,4382,Ankara
PUT,/services,403,1896,608,İstanbul
POST,/blog,200,1388,3855,Paris
POST,/about,500,1067,1717,Ankara
POST,/blog,500,996,3542,Diyarbakır
PUT,/services,403,121,4302,Bursa
DELETE,/checkout,500,669,302,İzmir
DELETE,/checkout,403,1126,2502,Ankara
PUT,/contact,404,379,4023,Gaziantep
POST,/profile,404,1126,1400,İstanbul
PUT,/signup,301,1858,3646,Konya
DELETE,/products,200,894,1290,Londra
GET,/login,403,394,2722,Gaziantep
POST,/cart,301,1168,3174,Edirne
DELETE,/contact,403,1262,4072,Adana
POST,/contact,404,1938,2392,Berlin
POST,/profile,404,1279,4936,İstanbul
PUT,/signup,500,436,3035,Diyarbakır
POST,/services,404,352,4636,Diyarbakır
PUT,/search,403,535,2493,Antalya
DELETE,/contact,404,1613,2317,Ankara
GET,/cart,500,1152,281,Berlin
POST,/about,500,527,3836,Gaziantep
GET,/search,500,1624,3001,Diyarbakır
POST,/signup,200,429,4749,Diyarbakır
DELETE,/login,500,168,4709,Edirne
PUT,/blog,403,1058,2758,Paris
POST,/services,403,1191,1549,Adana
GET,/about,500,1454,2263,Adana
POST,/profile,403,1678,3660,Tokyo
PUT,/home,403,836,693,İstanbul
DELETE,/home,403,1402,4332,Bursa
POST,/checkout,403,316,3128,Gaziantep
PUT,/cart,403,626,234,Tokyo
DELETE,/search,404,136,2432,Edirne
GET,/search,403,1465,3106,İzmir
GET,/home,500,1209,3779,Londra
PUT,/search,500,805,4236,Diyarbakır
DELETE,/login,301,1557,4691,Berlin
DELETE,/checkout,301,532,4457,Bursa
GET,/blog,403,810,1943,İzmir
GET,/checkout,500,687,391,Tokyo
GET,/products,200,422,3541,Tokyo
PUT,/search,500,1066,3097,Edirne
GET,/about,301,1905,1540,Tokyo
POST,/about,500,1214,2943,Gaziantep
GET,/search,500,1051,3459,İstanbul
DELETE,/about,301,1225,4460,Bursa
GET,/cart,500,450,439,Londra
DELETE,/services,404,868,3929,Berlin
PUT,/contact,301,1022,3045,New York
GET,/cart,404,920,3240,Ankara
DELETE,/login,404,1443,4856,New York
DELETE,/services,301,508,4011,Paris
PUT,/login,404,1773,709,Gaziantep
GET,/search,301,1457,2921,Antalya
PUT,/cart,200,1721,760,İzmir
PUT,/login,500,647,2838,Antalya
POST,/services,404,572,3001,Edirne
DELETE,/contact,500,541,1811,New York
PUT,/login,200,145,4348,New York
GET,/search,301,1566,2917,Gaziantep
POST,/signup,500,1475,2547,Gaziantep
DELETE,/search,500,1263,3062,Paris
GET,/checkout,200,1242,1441,Edirne
GET,/checkout,200,708,549,İstanbul
PUT,/home,404,1431,3522,İzmir
PUT,/signup,301,1302,3353,Adana
GET,/products,403,322,2903,Diyarbakır
DELETE,/checkout,200,231,1966,Ankara
POST,/search,301,1137,2166,Edirne
GET,/products,301,642,4241,Diyarbakır
PUT,/search,404,134,4462,İzmir
GET,/contact,404,101,859,İstanbul
POST,/home,500,1421,978,Konya
DELETE,/services,404,754,3868,İstanbul
PUT,/cart,404,1269,3773,Tokyo
GET,/products,200,1539,4819,Bursa
PUT,/about,500,1439,4296,Konya
POST,/about,301,708,3149,Bursa
POST,/checkout,200,998,3581,Paris
DELETE,/checkout,404,1696,3610,İstanbul
DELETE,/checkout,301,1873,3268,İzmir
PUT,/home,403,1137,592,Paris
POST,/login,200,1054,1431,Bursa
PUT,/profile,403,1615,4230,Londra
GET,/search,403,389,4544,Tokyo
POST,/contact,403,326,872,Gaziantep
POST,/home,200,563,2770,Ankara
GET,/services,500,1529,4151,Antalya
DELETE,/contact,301,562,1761,Londra
PUT,/cart,404,1913,4492,Konya
POST,/login,500,1672,3541,İstanbul
DELETE,/about,500,855,1101,Ankara
GET,/products,200,737,1426,Gaziantep
GET,/search,301,1412,1308,Paris
GET,/checkout,403,338,4763,New York
PUT,/signup,301,1610,4406,Paris
DELETE,/cart,301,1798,3583,Antalya
POST,/login,301,384,387,İstanbul
GET,/signup,404,1485,2984,Adana
DELETE,/products,301,1422,3792,Adana
DELETE,/blog,403,205,474,Paris
DELETE,/blog,403,1269,1000,Bursa
POST,/profile,200,222,2254,Konya
PUT,/contact,403,1570,3009,Ankara
POST,/cart,301,1877,4923,New York
GET,/login,301,302,2942,Edirne
PUT,/blog,200,780,294,New York
POST,/login,301,1241,3773,Paris
POST,/contact,404,1435,1040,Adana
POST,/products,301,112,3374,Antalya
POST,/cart,301,675,3289,Diyarbakır
GET,/signup,500,594,1515,Adana
DELETE,/contact,500,1203,2850,Konya
PUT,/profile,301,526,4789,Gaziantep
POST,/home,500,1282,690,Ankara
POST,/search,200,1140,1779,Berlin
POST,/search,403,1767,2063,Gaziantep
POST,/contact,500,1821,4095,Gaziantep
DELETE,/contact,404,1854,956,Diyarbakır
POST,/about,301,1373,3803,Tokyo
PUT,/login,403,124,3617,Ankara
DELETE,/home,404,552,3065,Gaziantep
DELETE,/checkout,500,708,1726,Antalya
PUT,/search,403,1104,2966,Berlin
DELETE,/profile,500,522,3015,Gaziantep
PUT,/search,301,862,1277,Bursa
GET,/products,200,1853,3557,Edirne
POST,/services,301,1249,1097,Paris
POST,/contact,403,1024,3296,Konya
POST,/services,500,685,4545,Ankara
GET,/search,200,484,2198,Bursa
POST,/signup,200,1223,4804,Antalya
PUT,/checkout,404,1038,2721,Paris
DELETE,/contact,200,207,1531,New York
POST,/checkout,301,843,3632,Paris
GET,/search,403,1147,4014,Konya
GET,/profile,404,1850,2947,Paris
POST,/cart,301,724,3729,Antalya
GET,/contact,500,1053,1206,İzmir
PUT,/about,301,1614,1123,Edirne
PUT,/search,404,1787,3840,New York
POST,/signup,500,299,412,Bursa
PUT,/signup,200,1691,532,Berlin
GET,/profile,403,142,621,İzmir
GET,/cart,403,1707,2851,Bursa
POST,/services,200,1073,2169,Londra
PUT,/blog,500,1424,1213,Konya
PUT,/blog,500,275,3123,Tokyo
POST,/blog,404,1381,2697,Ankara
GET,/login,500,950,2779,Tokyo
PUT,/contact,500,987,1326,Diyarbakır
POST,/login,404,948,1964,Konya
GET,/about,403,163,1984,Paris
GET,/search,200,983,2209,İzmir
PUT,/cart,403,1985,4503,Londra
POST,/cart,200,1811,1572,Edirne
POST,/services,500,534,4474,Edirne
DELETE,/contact,403,1662,3816,Adana
DELETE,/blog,404,1575,732,İstanbul
PUT,/blog,404,762,1122,Adana
DELETE,/profile,200,1651,2209,İstanbul
PUT,/search,200,345,4022,Diyarbakır
GET,/home,500,1367,2815,Ankara
DELETE,/signup,404,398,931,Berlin
DELETE,/services,500,433,400,Londra
PUT,/about,200,773,2415,Konya
POST,/signup,500,1089,3409,Londra
PUT,/services,200,149,319,Berlin
DELETE,/login,200,771,3613,İstanbul
GET,/search,500,1909,547,Tokyo
GET,/about,404,1161,3836,İstanbul
GET,/home,301,220,2144,Edirne
PUT,/services,404,1371,4148,Adana
DELETE,/contact,500,823,280,Londra
DELETE,/search,200,1678,817,Diyarbakır
PUT,/blog,500,1398,1728,Adana
POST,/signup,301,1435,2902,Edirne
PUT,/about,301,1657,4312,İzmir
POST,/contact,500,1680,4137,Londra
GET,/search,403,929,3568,İstanbul
PUT,/signup,200,1828,3574,Antalya
DELETE,/signup,301,533,1110,Konya
GET,/signup,200,1781,2353,Tokyo
DELETE,/blog,200,1022,3085,İstanbul
POST,/products,200,1621,2565,Adana
GET,/signup,301,823,1703,Bursa
POST,/home,403,1013,2550,Adana
PUT,/profile,403,455,3295,Bursa
DELETE,/profile,500,824,4507,Antalya
GET,/signup,404,417,4000,Gaziantep
GET,/products,404,1514,1048,Konya
PUT,/checkout,200,788,4943,Berlin
GET,/products,301,1576,4509,Berlin
PUT,/search,301,202,2801,Ankara
PUT,/about,500,1027,4269,Gaziantep
DELETE,/checkout,301,848,3441,İstanbul
POST,/signup,403,1996,4057,Berlin
POST,/login,500,679,491,Berlin
PUT,/profile,403,1615,297,Diyarbakır
PUT,/checkout,404,1454,3839,Konya
GET,/profile,200,714,802,Konya
GET,/products,200,762,1597,Edirne
POST,/contact,403,1629,2684,Gaziantep
PUT,/services,403,1191,4691,Adana
GET,/products,301,198,2505,Ankara
PUT,/contact,500,1611,4596,Diyarbakır
POST,/login,404,1229,3477,Konya
DELETE,/profile,404,1943,4187,Ankara
PUT,/checkout,301,194,3455,Adana
PUT,/checkout,301,754,300,Edirne
POST,/products,404,443,3111,Edirne
GET,/products,200,1386,1547,Gaziantep
GET,/login,404,374,3053,Adana
DELETE,/checkout,200,846,334,Ankara
DELETE,/services,200,1843,4791,İstanbul
POST,/blog,403,408,1567,Antalya
PUT,/cart,500,708,4193,Edirne
PUT,/search,500,1759,2607,Diyarbakır
DELETE,/login,200,1412,4366,Tokyo
PUT,/cart,301,353,807,Konya
POST,/login,403,1419,722,Adana
POST,/contact,403,150,2468,Antalya
DELETE,/signup,404,1054,4679,Paris
POST,/signup,403,1538,3802,Antalya
PUT,/contact,301,1633,379,İzmir
PUT,/contact,200,529,768,İstanbul
GET,/cart,403,1301,898,New York
GET,/about,403,1263,1251,Diyarbakır
POST,/blog,404,1788,2259,Bursa
PUT,/profile,500,263,2065,Ankara
POST,/about,301,1678,1653,Adana
DELETE,/search,301,1269,4415,Berlin
PUT,/about,200,180,3846,Konya
POST,/login,500,706,3335,Antalya
DELETE,/search,301,1013,4308,Antalya
POST,/about,500,1370,4459,Ankara
PUT,/cart,200,1010,4308,Londra
GET,/blog,301,1888,1185,İzmir
POST,/cart,500,830,778,Gaziantep
DELETE,/cart,301,1705,351,Adana
GET,/contact,404,1235,675,İstanbul
POST,/cart,301,1745,3007,İstanbul
DELETE,/about,403,1415,3200,İstanbul
GET,/checkout,404,1348,3286,Adana
PUT,/about,200,486,3468,Adana
DELETE,/cart,500,1749,1984,Londra
POST,/products,301,456,3563,Diyarbakır
POST,/login,404,1264,335,New York
GET,/search,403,1533,2367,New York
POST,/services,500,1382,2785,Antalya
PUT,/search,403,1418,3197,Tokyo
GET,/login,404,504,4321,Adana
PUT,/about,301,621,1380,Bursa
DELETE,/cart,500,1844,2346,Tokyo
DELETE,/cart,403,262,3623,İzmir
POST,/blog,403,730,3753,New York
DELETE,/blog,200,775,1438,Paris
PUT,/services,500,1076,3694,Konya
GET,/products,404,1217,3966,Londra
PUT,/contact,500,977,2489,Gaziantep
PUT,/contact,403,881,3700,Londra
PUT,/home,404,264,2679,Bursa
POST,/signup,404,1532,281,Konya
DELETE,/login,500,756,1807,Berlin
PUT,/cart,403,1507,1042,Diyarbakır
DELETE,/checkout,500,1221,1350,Diyarbakır
DELETE,/services,200,1259,4623,Adana
GET,/about,403,1944,1170,New York
PUT,/signup,500,1200,4522,Edirne
GET,/blog,404,1946,2182,İzmir
DELETE,/products,301,1367,2431,Ankara
PUT,/about,404,1770,2221,Ankara
POST,/services,404,289,2087,Diyarbakır
DELETE,/about,404,675,3484,Edirne
GET,/checkout,500,640,1782,Bursa
POST,/home,404,363,4807,Ankara
POST,/login,200,1258,1755,Ankara
PUT,/profile,301,1373,772,Paris
POST,/products,200,1605,4031,İzmir
PUT,/contact,404,114,3548,İstanbul
GET,/checkout,403,1031,2751,Adana
GET,/blog,500,675,3425,Adana
DELETE,/contact,403,342,3004,Konya
GET,/checkout,404,1036,3917,Antalya
GET,/products,404,1626,2357,Berlin
GET,/profile,403,683,4421,Berlin
POST,/cart,403,441,3092,Bursa
GET,/checkout,404,712,2492,İstanbul
DELETE,/home,500,1643,2870,Antalya
DELETE,/checkout,200,1000,3516,Berlin
POST,/about,301,572,1582,Ankara
POST,/profile,200,1295,1207,Ankara
GET,/about,500,1293,508,Berlin
GET,/contact,301,1259,559,Edirne
DELETE,/profile,200,1330,1550,İstanbul
POST,/about,200,1660,3158,Adana
PUT,/signup,403,1561,615,Gaziantep
POST,/services,500,461,4337,İzmir
GET,/home,403,274,4346,Paris
DELETE,/contact,200,1337,3507,New York
DELETE,/about,404,567,2140,Edirne
POST,/home,301,1957,3868,İzmir
PUT,/products,500,1132,2245,Paris
GET,/checkout,500,569,2648,Konya
POST,/login,200,1719,4214,New York
DELETE,/services,404,1374,1921,Adana
POST,/about,301,382,1549,Konya
GET,/checkout,404,1393,743,Adana
PUT,/blog,500,1770,3924,İstanbul
PUT,/login,403,906,714,Paris
GET,/services,200,1825,4886,Diyarbakır
DELETE,/about,500,667,1410,Bursa
POST,/contact,403,199,2718,İstanbul
PUT,/products,200,178,1318,İstanbul
GET,/about,403,1160,3197,Bursa
DELETE,/signup,301,1249,3151,Ankara
GET,/home,404,1629,2228,Antalya
POST,/login,301,1565,2688,Konya
POST,/login,301,1012,2779,Konya
DELETE,/products,500,1552,3013,Paris
DELETE,/services,403,1039,3723,Konya
POST,/about,200,1479,685,Antalya
POST,/blog,301,1624,1914,Diyarbakır
PUT,/contact,404,934,1182,Edirne
DELETE,/products,200,404,1273,İstanbul
PUT,/profile,301,747,1761,Diyarbakır
PUT,/blog,500,1413,1921,İzmir
PUT,/checkout,500,186,286,Tokyo
POST,/signup,200,422,3258,Paris
PUT,/signup,404,416,296,Antalya
PUT,/blog,500,917,3606,Bursa
POST,/blog,200,321,1419,İstanbul
POST,/signup,200,1717,1637,Ankara
POST,/products,404,1211,4812,New York
GET,/profile,403,879,965,Tokyo
DELETE,/about,301,518,2622,Ankara
DELETE,/signup,200,873,4718,Tokyo
DELETE,/blog,500,269,3285,Paris
POST,/contact,301,733,1699,Konya
DELETE,/login,500,296,4807,Diyarbakır
DELETE,/checkout,301,1749,3391,New York
DELETE,/products,403,1451,3143,New York
DELETE,/products,301,1033,626,İzmir
POST,/profile,403,1587,1731,New York
GET,/cart,301,1802,1673,Berlin
GET,/about,301,1490,3295,Edirne
DELETE,/signup,301,583,3045,Londra
PUT,/services,301,942,3186,Edirne
DELETE,/signup,404,437,1429,Edirne
PUT,/cart,301,1541,1261,Bursa
PUT,/contact,500,1355,684,Adana
POST,/contact,200,1585,2525,Edirne
PUT,/login,403,1199,2089,Diyarbakır
DELETE,/profile,200,1257,4849,Adana
GET,/contact,200,1138,3446,Konya
PUT,/about,403,1061,769,İzmir
DELETE,/cart,301,1305,2448,Antalya
PUT,/login,500,142,4532,İzmir
DELETE,/products,403,1454,3487,Diyarbakır
POST,/blog,403,1074,3916,Edirne
DELETE,/about,301,1966,4135,Ankara
PUT,/home,301,281,1979,New York
PUT,/signup,301,1676,1176,Konya
DELETE,/home,500,774,1337,İstanbul
POST,/about,404,288,4882,İzmir
DELETE,/login,301,876,2949,İzmir
GET,/cart,301,1175,1096,İzmir
POST,/about,200,421,1558,Ankara
GET,/blog,403,1495,2022,Ankara
DELETE,/search,403,940,2375,İstanbul
DELETE,/home,200,318,1706,Bursa
GET,/home,403,739,3881,Paris
GET,/home,200,724,2858,Berlin
DELETE,/signup,301,1073,625,Tokyo
PUT,/about,500,764,3218,Bursa
PUT,/products,301,1212,356,Antalya
PUT,/signup,404,1334,1232,Adana
GET,/search,403,1410,4582,Gaziantep
GET,/profile,500,320,1014,New York
DELETE,/profile,404,409,477,New York
GET,/products,200,804,3539,İzmir
DELETE,/home,500,496,1069,Adana
PUT,/search,301,589,4040,Antalya
GET,/contact,200,268,4846,Tokyo
GET,/signup,404,241,1306,Adana
PUT,/services,200,886,902,New York
DELETE,/home,301,849,2797,Gaziantep
GET,/search,500,1011,3729,New York
GET,/home,301,226,2874,Paris
DELETE,/about,301,1021,4348,Gaziantep
DELETE,/profile,200,1369,4563,Londra
DELETE,/about,500,311,4993,Berlin
GET,/cart,500,932,1491,New York
POST,/products,500,604,4744,Londra
GET,/products,404,1207,1785,Londra
GET,/home,500,805,2278,Diyarbakır
DELETE,/profile,200,1080,4922,Adana
DELETE,/search,500,1773,2710,Paris
PUT,/search,500,757,3534,Diyarbakır
POST,/search,404,913,3629,İzmir
PUT,/contact,404,747,804,Tokyo
GET,/profile,500,1651,2783,Paris
PUT,/services,403,963,1993,Edirne
GET,/about,200,813,1954,Bursa
PUT,/search,404,1464,3367,İzmir
POST,/contact,200,1647,3727,İstanbul
GET,/contact,301,674,3035,İzmir
POST,/contact,403,1104,832,Gaziantep
GET,/home,404,1040,3398,Adana
DELETE,/search,500,1161,1475,Ankara
GET,/blog,404,1757,910,Adana
DELETE,/cart,500,1252,2056,New York
POST,/profile,404,1468,914,Londra
PUT,/contact,404,590,1456,Bursa
GET,/signup,500,402,3266,Adana
GET,/profile,200,1710,1821,Edirne
DELETE,/cart,200,913,4407,Bursa
GET,/home,200,604,2104,Bursa
PUT,/services,200,1883,4761,Antalya
PUT,/services,301,377,1516,İzmir
POST,/profile,403,986,2412,Konya
POST,/search,500,942,2082,Konya
PUT,/search,403,375,4262,Konya
DELETE,/home,403,645,3730,İzmir
POST,/about,403,855,328,Antalya
GET,/contact,301,273,4064,İzmir
POST,/about,301,755,1942,Paris
POST,/blog,200,290,4291,New York
POST,/login,500,1952,4016,Antalya
DELETE,/services,500,983,3918,Antalya
PUT,/about,403,870,1800,İstanbul
DELETE,/contact,200,1059,803,Bursa
POST,/blog,500,738,4243,Diyarbakır
POST,/search,403,859,4859,Edirne
DELETE,/blog,200,1706,2205,Tokyo
PUT,/cart,404,1856,3647,Tokyo
DELETE,/services,500,253,1467,Ankara
DELETE,/contact,200,1289,2155,Londra
DELETE,/login,500,818,2669,Berlin
DELETE,/contact,500,1073,3883,Diyarbakır
PUT,/about,404,475,713,Tokyo
PUT,/checkout,200,1287,2053,Gaziantep
POST,/blog,404,505,279,Bursa
POST,/login,200,1405,3109,Edirne
POST,/checkout,403,1378,3535,Adana
GET,/checkout,200,1161,1079,Antalya
PUT,/signup,301,1443,253,New York
PUT,/cart,301,914,3904,Adana
PUT,/products,500,1686,2411,Adana
PUT,/home,301,1087,2033,Berlin
GET,/login,500,693,1812,Adana
POST,/checkout,403,622,1157,Tokyo
DELETE,/cart,404,1430,3936,Ankara
PUT,/contact,404,1737,3189,Edirne
POST,/login,403,345,4143,Adana
GET,/services,200,178,1337,Antalya
POST,/contact,500,1532,4006,Bursa
GET,/home,200,1813,4129,Antalya
POST,/signup,200,1209,750,Diyarbakır
PUT,/blog,404,1170,2307,Diyarbakır
POST,/services,404,1946,1731,New York
DELETE,/search,404,326,202,Bursa
PUT,/contact,500,1551,1251,Londra
PUT,/profile,500,1827,3817,Paris
POST,/checkout,500,851,1749,Paris
GET,/home,200,466,2033,Ankara
GET,/login,500,1152,502,Gaziantep
DELETE,/home,200,1446,3307,Edirne
POST,/search,403,698,4224,Paris
GET,/search,200,1747,4815,Diyarbakır
DELETE,/search,301,1227,3888,Ankara
POST,/contact,301,1650,4623,Konya
POST,/blog,500,751,444,Gaziantep
DELETE,/search,404,1641,3470,Londra
GET,/signup,404,269,1041,Konya
PUT,/signup,500,824,4821,Antalya
GET,/signup,200,128,1494,Tokyo
DELETE,/signup,500,1732,266,Edirne
DELETE,/contact,500,475,500,Diyarbakır
DELETE,/contact,403,135,4219,Diyarbakır
DELETE,/login,500,887,4618,Antalya
DELETE,/login,200,995,2843,İstanbul
GET,/signup,403,1950,2795,Ankara
GET,/about,404,817,205,Bursa
POST,/search,200,261,4408,Bursa
GET,/search,200,1036,4012,Tokyo
GET,/checkout,200,941,3536,Gaziantep
GET,/signup,200,1242,3122,Konya
POST,/profile,403,1867,4930,Ankara
PUT,/contact,500,175,3168,Gaziantep
GET,/cart,403,530,1785,Berlin
POST,/login,500,1677,3022,İstanbul
DELETE,/home,500,376,1361,İstanbul
GET,/checkout,500,1344,3063,İstanbul
POST,/products,404,235,1244,New York
GET,/products,403,1577,3298,Edirne
POST,/blog,301,377,4963,Diyarbakır
PUT,/contact,301,336,2749,İzmir
POST,/checkout,200,1076,2312,Diyarbakır
GET,/profile,404,831,1636,Antalya
DELETE,/signup,200,1694,3899,Londra
GET,/home,404,1212,1213,Ankara
PUT,/products,200,569,4750,İstanbul
DELETE,/cart,500,674,1019,İzmir
PUT,/contact,403,912,4239,Edirne
GET,/products,500,588,263,Konya
PUT,/search,500,1701,4491,Bursa
PUT,/blog,404,647,502,Konya
PUT,/profile,403,1835,2993,Konya
GET,/services,403,1987,824,New York
PUT,/search,500,1183,332,Berlin
DELETE,/home,500,1817,3023,Adana
POST,/checkout,403,1792,672,Berlin
PUT,/services,403,1575,2851,Paris
GET,/search,404,384,2162,Edirne
GET,/blog,500,1083,697,Paris
POST,/home,200,560,1237,Tokyo
PUT,/home,404,1907,2279,Adana
PUT,/blog,500,1654,4464,Diyarbakır
POST,/services,301,460,3820,Bursa
POST,/login,500,278,2942,İstanbul
POST,/about,200,1458,4959,Paris
POST,/contact,301,350,2767,Adana
PUT,/profile,403,1978,493,Gaziantep
GET,/services,200,1451,490,Londra
GET,/search,301,444,3827,New York
POST,/signup,500,853,2121,İstanbul
PUT,/blog,301,1033,708,Adana
POST,/home,404,1194,4908,Diyarbakır
PUT,/cart,404,1658,3138,New York
DELETE,/blog,404,183,1889,Ankara
POST,/login,404,445,2277,Bursa
GET,/checkout,404,1067,3826,Paris
PUT,/signup,500,1407,2954,Adana
PUT,/about,500,1594,3110,Berlin
DELETE,/services,500,1289,4233,New York
DELETE,/blog,200,109,4994,Paris
DELETE,/products,403,1265,228,Konya
DELETE,/home,301,1898,4827,Gaziantep
GET,/about,500,1891,2436,Londra
DELETE,/contact,500,1944,3619,İstanbul
GET,/home,301,1135,3929,Tokyo
DELETE,/signup,403,1355,2607,New York
DELETE,/home,403,1433,2084,Antalya
DELETE,/contact,404,1000,3455,Tokyo
GET,/home,200,228,1522,Ankara
DELETE,/checkout,500,805,1504,Bursa
DELETE,/signup,404,295,1415,Londra
GET,/contact,200,1912,2351,İzmir
GET,/about,301,417,2558,Antalya
GET,/products,301,1728,1595,Gaziantep
GET,/blog,301,114,1217,Berlin
DELETE,/checkout,200,1237,4865,Konya
GET,/signup,403,1635,4345,Bursa
PUT,/checkout,200,1827,3192,Berlin
PUT,/checkout,403,1642,2717,Ankara
POST,/signup,301,1227,686,Antalya
POST,/cart,404,1134,4363,Berlin
POST,/login,301,975,3733,Ankara
PUT,/login,404,1815,2111,Ankara
DELETE,/search,500,519,1484,Gaziantep
PUT,/home,404,111,1201,Konya
DELETE,/blog,403,621,4837,Ankara
GET,/signup,404,759,2149,Ankara
GET,/products,404,676,4358,Paris
DELETE,/products,200,1739,290,Diyarbakır
POST,/blog,301,1083,366,Konya
DELETE,/products,301,889,1987,İstanbul
POST,/home,404,1089,1134,Tokyo
DELETE,/contact,301,849,653,Paris
POST,/blog,200,1989,2310,Berlin
GET,/about,200,1251,667,Londra
DELETE,/signup,403,1580,3612,Antalya
GET,/profile,200,993,2578,Londra
POST,/profile,500,552,4427,Berlin
PUT,/products,500,1343,353,Adana
PUT,/services,404,1871,3420,Edirne
GET,/profile,200,350,4805,İstanbul
DELETE,/contact,404,873,4289,İstanbul
DELETE,/about,404,1728,1396,Diyarbakır
DELETE,/profile,301,1905,3151,Konya
DELETE,/search,403,289,3583,Londra
DELETE,/signup,403,671,2389,Edirne
DELETE,/login,404,1667,2891,Edirne
POST,/contact,200,497,1889,Edirne
PUT,/products,403,505,4189,Paris
GET,/contact,500,1586,1651,Paris
POST,/cart,301,726,1682,Diyarbakır
GET,/search,404,1490,2989,Paris
POST,/cart,301,1183,2156,Londra
GET,/search,301,699,1017,Londra
GET,/profile,403,933,3899,Ankara
DELETE,/home,200,1951,1665,Adana
DELETE,/products,404,237,2148,New York
POST,/about,301,263,4182,Ankara
PUT,/search,500,513,3310,Bursa
POST,/profile,301,1862,2817,Tokyo
DELETE,/search,500,179,1561,Londra
PUT,/about,301,1328,1914,Ankara
POST,/checkout,500,184,343,Berlin
PUT,/contact,403,972,4247,İstanbul
POST,/checkout,200,941,1191,İzmir
DELETE,/login,200,726,1468,Londra
GET,/profile,403,407,1375,Ankara
GET,/services,404,1543,3814,Konya
PUT,/products,404,1909,1340,Gaziantep
DELETE,/services,404,457,2551,New York
GET,/cart,500,1695,371,Edirne
PUT,/search,200,398,910,Adana
DELETE,/services,500,349,3580,Adana
DELETE,/blog,403,1202,4729,Ankara
DELETE,/signup,301,1230,919,İstanbul
PUT,/cart,500,1302,3574,Bursa
GET,/checkout,301,583,1855,Bursa
DELETE,/services,404,1763,3476,Tokyo
PUT,/blog,200,312,2878,Berlin
DELETE,/login,301,1140,4088,Adana
GET,/login,500,1273,3879,Berlin
PUT,/cart,301,1648,1922,Tokyo
POST,/blog,403,957,2223,Edirne
GET,/products,301,582,2130,Gaziantep
GET,/login,500,401,2013,İzmir
PUT,/about,500,1007,4363,New York
PUT,/profile,500,925,1717,Diyarbakır
POST,/about,403,970,4786,Londra
GET,/about,500,1344,2978,İzmir
DELETE,/login,404,1347,1927,Diyarbakır
DELETE,/signup,500,1227,3156,New York
GET,/search,404,1924,3100,Edirne
GET,/cart,301,689,2083,Antalya
PUT,/products,301,1347,4857,Paris
GET,/search,200,1899,4228,İstanbul
POST,/products,403,1960,2089,Edirne
PUT,/search,404,587,1818,Berlin
PUT,/login,500,977,3213,Ankara
POST,/profile,500,1017,1163,Adana
DELETE,/contact,404,1896,2183,Konya
GET,/blog,301,982,1898,Antalya
PUT,/cart,403,770,453,Konya
POST,/profile,200,595,1044,Paris
PUT,/contact,404,318,3956,Diyarbakır
PUT,/profile,403,1751,4983,İstanbul
POST,/search,301,523,941,Bursa
DELETE,/search,301,1120,2031,Diyarbakır
DELETE,/products,403,1723,3497,Berlin
PUT,/products,404,974,4753,Londra
PUT,/profile,404,1433,1047,Paris
POST,/cart,301,1049,795,Diyarbakır
PUT,/profile,404,116,805,Tokyo
PUT,/login,200,1513,1895,Bursa
DELETE,/login,500,955,4355,Tokyo
GET,/login,404,541,1133,Edirne
GET,/profile,403,1437,1318,Konya
PUT,/products,500,318,249,Bursa
PUT,/signup,200,1258,1078,Diyarbakır
GET,/about,500,1030,3143,New York
DELETE,/signup,301,236,4537,Londra
GET,/blog,301,546,1886,Tokyo
PUT,/products,301,835,3232,Gaziantep
PUT,/blog,403,1628,1027,Konya
POST,/about,403,1803,1919,Londra
POST,/checkout,404,1373,1947,Paris
POST,/login,404,175,2678,İstanbul
POST,/services,403,339,4505,Antalya
GET,/profile,500,454,1535,Tokyo
POST,/services,404,1821,4665,Tokyo
GET,/cart,403,1690,2494,Tokyo
PUT,/contact,403,1143,1447,Londra
GET,/about,301,1152,2992,Berlin
POST,/home,403,465,2274,Adana
PUT,/products,500,395,715,Konya
PUT,/blog,200,1140,3563,New York
GET,/checkout,404,1817,900,Berlin
GET,/login,500,1888,1199,İstanbul
DELETE,/cart,500,1237,4558,Diyarbakır
POST,/about,403,1693,3719,New York
DELETE,/checkout,301,1774,3289,İzmir
PUT,/profile,404,653,644,İstanbul
GET,/login,301,1226,1489,New York
DELETE,/products,200,593,3544,Edirne
GET,/search,403,867,2721,İstanbul
DELETE,/about,500,419,3400,İstanbul
DELETE,/products,403,1214,4414,Adana
POST,/services,500,1905,3603,Konya
PUT,/home,200,1006,2154,New York
POST,/services,301,1539,4589,Edirne
POST,/contact,403,773,2020,Bursa
DELETE,/checkout,200,952,4855,Paris
POST,/cart,500,1438,2558,Ankara
POST,/blog,403,1779,4788,Tokyo
POST,/services,404,893,328,Londra
POST,/about,500,1835,270,İzmir
GET,/checkout,500,1890,1676,Tokyo
DELETE,/profile,200,1980,3505,Tokyo
GET,/home,500,1300,3835,Tokyo
POST,/signup,200,789,3878,Antalya
GET,/about,200,1956,4311,Paris
POST,/profile,403,117,1660,İstanbul
POST,/services,500,926,3233,Gaziantep
POST,/services,500,538,2349,New York
POST,/profile,500,1090,3826,Adana
POST,/checkout,404,1005,3322,Konya
GET,/profile,301,1852,3130,Berlin
PUT,/cart,301,173,3542,Gaziantep
GET,/blog,500,375,408,İzmir
PUT,/login,500,396,2902,New York
GET,/home,500,242,1142,Paris
DELETE,/cart,200,1166,3891,New York
PUT,/profile,403,1313,2388,İzmir
PUT,/profile,404,1970,4531,Antalya
DELETE,/contact,301,1904,3943,Gaziantep
POST,/about,200,1603,4194,İzmir
PUT,/services,500,1511,1535,Diyarbakır
POST,/contact,404,958,3463,Edirne
DELETE,/search,404,1376,5000,İzmir
PUT,/products,403,753,3408,New York
DELETE,/signup,500,966,1291,Konya
POST,/checkout,301,658,4246,Antalya
GET,/cart,404,1094,4348,Antalya
PUT,/checkout,403,1824,3952,Berlin
GET,/signup,404,1574,337,Londra
DELETE,/checkout,301,1029,2015,İzmir
DELETE,/services,403,349,724,İzmir
GET,/cart,404,1010,3758,İstanbul
POST,/blog,500,993,581,Ankara
DELETE,/products,301,265,4743,Antalya
PUT,/products,500,913,2481,Paris
GET,/home,404,959,2969,İstanbul
GET,/about,403,1382,1050,Tokyo
DELETE,/search,404,1774,547,Gaziantep
PUT,/checkout,404,1637,1010,Tokyo
DELETE,/login,500,728,3295,Paris
DELETE,/about,301,525,2873,Bursa
PUT,/checkout,404,1352,2521,Edirne
GET,/signup,403,1860,2130,Londra
POST,/checkout,500,1884,1391,İstanbul
DELETE,/profile,403,1608,1586,Paris
POST,/about,301,126,4033,Adana
DELETE,/profile,301,278,463,İstanbul
GET,/profile,403,154,1170,Paris
GET,/about,403,1450,4913,İstanbul
POST,/checkout,200,436,245,Tokyo
GET,/cart,403,1935,1331,Ankara
GET,/services,500,785,4236,İzmir
POST,/profile,301,470,2356,Konya
POST,/about,500,1799,1055,Diyarbakır
GET,/profile,403,794,4360,Londra
GET,/cart,301,1999,4821,Bursa
POST,/contact,301,235,4797,Londra
PUT,/blog,200,1190,4837,Konya
PUT,/signup,200,560,2129,Tokyo
DELETE,/home,404,220,4908,Konya
POST,/about,200,1554,3627,Berlin
PUT,/about,404,173,900,Tokyo
PUT,/about,301,1028,4690,Bursa
POST,/checkout,200,396,1064,Edirne
DELETE,/profile,403,1018,4968,New York
DELETE,/blog,500,453,4158,Gaziantep
DELETE,/login,403,1679,4769,Tokyo
GET,/about,404,827,2408,Ankara
POST,/about,200,1268,4653,Antalya
GET,/checkout,404,775,3434,Adana
GET,/search,301,962,381,Berlin
GET,/about,500,1054,2876,Ankara
DELETE,/cart,403,1711,2633,Edirne
PUT,/about,301,1328,1093,Konya
POST,/cart,500,1286,3819,Diyarbakır
DELETE,/home,200,1643,4106,İzmir
DELETE,/products,500,1803,2272,Ankara
GET,/about,200,1573,3324,Londra
PUT,/profile,404,725,1713,Berlin
PUT,/search,500,1036,370,Bursa
DELETE,/about,403,1250,3321,Ankara
GET,/home,200,871,4589,İzmir
DELETE,/search,403,482,1265,New York
PUT,/products,403,1977,4440,Antalya
GET,/blog,301,1834,1026,Paris
PUT,/home,301,140,4433,Gaziantep
DELETE,/blog,500,1254,3448,İzmir
DELETE,/services,404,929,474,İstanbul
PUT,/products,301,1865,1228,Bursa
DELETE,/contact,301,770,3912,Gaziantep
DELETE,/blog,301,617,3740,Berlin
GET,/search,404,453,3514,Antalya
POST,/cart,301,1472,4291,Londra
GET,/signup,404,1283,3560,Gaziantep
DELETE,/services,404,634,4302,Adana
POST,/products,500,1414,3387,Londra
GET,/profile,404,829,4943,Londra
POST,/services,500,501,1643,Adana
PUT,/signup,200,129,3199,Paris
DELETE,/checkout,403,1240,955,Berlin
GET,/profile,200,1862,3836,Konya
PUT,/login,200,1226,4995,Tokyo
PUT,/signup,200,1499,659,Edirne
PUT,/products,404,1422,4610,Berlin
POST,/login,301,1714,2197,Tokyo
POST,/search,200,1690,4163,İstanbul
PUT,/search,500,1671,1735,Adana
PUT,/about,404,1444,4734,Edirne
DELETE,/blog,404,119,4353,Adana
POST,/signup,403,426,4387,Ankara
POST,/home,404,761,3383,New York
DELETE,/search,500,1054,861,Bursa
PUT,/search,403,1348,4812,Londra
GET,/blog,200,1113,1994,New York
DELETE,/home,301,871,255,İzmir
GET,/login,500,491,568,Tokyo
POST,/about,404,1849,1426,Konya
PUT,/home,200,527,4647,Adana
GET,/login,500,1755,1495,Londra
POST,/profile,404,1712,213,Gaziantep
DELETE,/search,404,1121,4879,Paris
GET,/blog,403,152,4011,New York
GET,/search,200,286,873,Bursa
DELETE,/contact,301,330,3403,Tokyo
GET,/signup,404,357,1629,Tokyo
POST,/cart,200,774,3186,Londra
DELETE,/services,200,369,2060,Antalya
GET,/blog,404,950,4822,Edirne
DELETE,/profile,404,1857,1570,Londra
GET,/login,500,1567,3522,Adana
GET,/services,301,1516,3127,Konya
PUT,/products,403,1723,1560,Gaziantep
GET,/login,301,949,558,İzmir
DELETE,/services,301,477,2196,Berlin
GET,/profile,200,800,3570,Edirne
GET,/checkout,200,703,1134,Konya
GET,/home,500,112,2866,İzmir
POST,/home,301,565,1966,Ankara
PUT,/checkout,404,988,216,İzmir
PUT,/search,200,823,2201,Londra
POST,/blog,500,318,2323,İstanbul
DELETE,/blog,500,1450,2241,Konya
DELETE,/about,404,1209,3911,Gaziantep
GET,/cart,301,214,1696,İzmir
PUT,/signup,301,245,2257,Gaziantep
DELETE,/signup,301,1667,1789,Paris
DELETE,/services,200,195,2246,Paris
DELETE,/services,301,1600,2964,Paris
PUT,/checkout,301,1502,3048,İstanbul
POST,/home,200,1194,405,New York
GET,/about,403,167,2295,Bursa
DELETE,/checkout,301,1760,650,Konya
POST,/about,404,151,4330,Ankara
PUT,/blog,200,151,3406,Antalya
GET,/services,301,1845,1796,Tokyo
POST,/blog,500,497,3886,New York
DELETE,/products,404,390,598,Ankara
GET,/home,500,1389,2118,Bursa
POST,/cart,301,1905,309,Adana
GET,/services,404,1956,2143,Gaziantep
DELETE,/contact,200,159,3077,Berlin
POST,/checkout,403,767,845,Ankara
POST,/products,301,1999,1469,Gaziantep
POST,/cart,403,1715,452,Bursa
PUT,/search,500,779,3458,Antalya
GET,/login,200,466,2285,Bursa
POST,/services,403,1328,2299,Paris
POST,/home,500,640,2930,New York
POST,/checkout,500,926,2191,Berlin
POST,/search,500,326,3424,New York
DELETE,/search,404,469,1547,Gaziantep
PUT,/login,404,1792,2259,Diyarbakır
PUT,/products,404,1717,1332,Adana
PUT,/home,301,1228,4936,Antalya
GET,/login,404,928,868,Paris
PUT,/home,404,1705,3538,Londra
DELETE,/checkout,200,1553,1619,Ankara
DELETE,/about,500,412,3336,Ankara
GET,/products,500,1117,4436,Ankara
DELETE,/search,301,1975,3331,Adana
PUT,/services,500,279,2860,İzmir
GET,/services,500,220,3835,İstanbul
PUT,/home,403,1189,1999,Konya
GET,/search,404,1148,944,Adana
DELETE,/home,301,1525,1074,Bursa
GET,/about,301,1819,1000,Adana
DELETE,/blog,200,1580,2181,Diyarbakır
GET,/home,404,1609,1722,Gaziantep
POST,/about,500,1346,334,Gaziantep
DELETE,/checkout,301,605,1774,Ankara
POST,/search,200,1465,4817,Edirne
GET,/signup,500,1813,276,Ankara
PUT,/blog,404,280,715,Antalya
GET,/products,403,1029,3331,Diyarbakır
DELETE,/login,301,1155,2340,İstanbul
POST,/search,500,1223,803,Bursa
PUT,/blog,403,1534,772,Londra
GET,/contact,500,1383,4683,Berlin
GET,/services,500,772,3215,Bursa
PUT,/products,404,1459,4597,New York
GET,/blog,500,881,2099,Diyarbakır
PUT,/about,404,1797,2028,Londra
PUT,/about,500,469,821,Ankara
PUT,/products,200,707,4645,Antalya
GET,/products,301,1961,1998,Antalya
GET,/search,500,235,4108,Paris
POST,/checkout,403,1536,3395,Ankara
PUT,/products,404,1595,4769,Edirne
DELETE,/home,301,1777,498,Adana
GET,/cart,200,630,4773,Paris
GET,/services,500,1604,393,Berlin
PUT,/blog,200,1761,1565,Konya
